{
  "q1": 0.430986691234703,
  "q2": 1.183699980895091
}